<Collection name="Jobs Bank" guid="{9330805D-ABA5-4D6D-9F76-B16F22278AC0}" version="1">
  <Interfaces>
    <Page name="Jobs Search" guid="{BD00BB54-C4B1-4398-A7AF-6A91C0A17332}">
      <Description>Searches and or displays jobs.</Description>
      <ActiveXDLL>aoJobsBank.DLL</ActiveXDLL>
      <ActiveXProgramID>aoJobsBank.DisplayClass</ActiveXProgramID>
      <Content>true</Content>
      <Admin>true</Admin>
      <StyleSheet><![CDATA[
#JobDetailsReturn{padding-top: 10px;}
#JobDetailsApply{}
#JobDetailsContact{padding-bottom: 10px;}
#JobDetailsContactMoreInfo{padding-bottom: 5px;font-weight: bold;}
#JobDetailsDescription{padding-bottom: 10px;}
#JobDetailsSalary{padding-bottom: 10px;}
#JobDetailsLocation{}
#JobDetailsTitle{font-weight: bold;font-size: 15px;padding-bottom: 10px;}
div.JobSearchResultsFooterContainer{border-top: 1px solid black;padding: 10px;}
Div.JobSearchResultsHeader{width: 33.3%;display: inline;font-weight: bold;padding: 10px;}
div.JobSearchResultsRowOdd{background-color: #DBDBDB;border-left: 1px solid black;border-right: 1px solid black;}
div.JobSearchResultsRowEven{background-color: #FFFFFF;border-left: 1px solid black;  border-right: 1px solid black;}
Div.JobSearchResultsRow{width: 33.3%;display: inline;padding: 10px;}
div.JobSearchResultsTitle{font-weight: bold;font-size: 14px;padding-bottom: 10px;}
div.JobSearchResultsHeaderContainer{background-color: #c9c9c9;border: 1px solid black;}
            ]]></StyleSheet>
      <Argument>ShowSearchForm=Yes[Yes|No]</Argument>
    </Page>
    <Page name="Jobs Post Form" guid="{433C3673-D64C-43F9-AE2F-9F17BD3CD3EB}">
      <Description>Allows users oto post jobs.</Description>
      <ActiveXDLL>aoJobsBank.DLL</ActiveXDLL>
      <ActiveXProgramID>aoJobsBank.PostClass</ActiveXProgramID>
      <Content>true</Content>
      <Admin>true</Admin>
      <StyleSheet><![CDATA[
.JobListRowOdd{background-color: #D8D8D8;}
.JobListRowEven{background-color: #FFFFFF;}
.JobListHeader{background-color: #C9C9C9;}
            ]]></StyleSheet>
    </Page>
  </Interfaces>
  <ContensiveCDef>
    <CDef Name="Jobs" Active="1" AdminOnly="0" AllowAdd="1" AllowCalendarEvents="0" AllowContentChildTool="0" AllowContentTracking="0" AllowDelete="1" AllowMetaContent="0" AllowTopicRules="0" AllowWorkflowAuthoring="0" AuthoringDataSourceName="Default" AuthoringTableName="Jobs" ContentDataSourceName="Default" ContentTableName="Jobs" DefaultSortMethod="By Name" DeveloperOnly="0" DropDownFieldList="NAME" EditorGroupName="Content Editors" Parent="" >
      <Field Name="ID" active="1" AdminOnly="0" Authorable="0" Caption="ID" DeveloperOnly="0" EditSortPriority="100" FieldType="AutoIncrement" HTMLContent="0" IndexColumn="0" IndexSortDirection="" IndexSortOrder="0" IndexWidth="0" LookupContent="" NotEditable="0" Password="0" ReadOnly="0" RedirectContent="" RedirectID="0" RedirectPath="" Required="0" TextBuffered="0" UniqueName="0" DefaultValue="" RSSTitleField="0" RSSDescriptionField="0" MemberSelectGroupID="0" EditTab="" Scramble="0" LookupList="" ManyToManyContent="" ManyToManyRuleContent="Shared Styles Add-on Rules" ManyToManyRulePrimaryField="" ManyToManyRuleSecondaryField="" HelpMessage="" IsBaseField="" />
      <Field Name="Name" active="1" AdminOnly="0" Authorable="1" Caption="Name " DeveloperOnly="0" EditSortPriority="110" FieldType="Text" HTMLContent="0" IndexColumn="99" IndexSortDirection="" IndexSortOrder="0" IndexWidth="0" LookupContent="" NotEditable="0" Password="0" ReadOnly="0" RedirectContent="" RedirectID="" RedirectPath="" Required="0" TextBuffered="0" UniqueName="0" DefaultValue="" RSSTitleField="0" RSSDescriptionField="0" MemberSelectGroupID="0" EditTab="" Scramble="0" LookupList="" ManyToManyContent="" ManyToManyRuleContent="Shared Styles Add-on Rules" ManyToManyRulePrimaryField="" ManyToManyRuleSecondaryField="" HelpMessage="" IsBaseField="" />
      <Field Name="Active" active="1" AdminOnly="0" Authorable="1" Caption="Active" DeveloperOnly="0" EditSortPriority="200" FieldType="Boolean" HTMLContent="0" IndexColumn="99" IndexSortDirection="" IndexSortOrder="0" IndexWidth="0" LookupContent="" NotEditable="0" Password="0" ReadOnly="0" RedirectContent="" RedirectID="" RedirectPath="" Required="0" TextBuffered="0" UniqueName="0" DefaultValue="1" RSSTitleField="0" RSSDescriptionField="0" MemberSelectGroupID="0" EditTab="" Scramble="0" LookupList="" ManyToManyContent="" ManyToManyRuleContent="Shared Styles Add-on Rules" ManyToManyRulePrimaryField="" ManyToManyRuleSecondaryField="" HelpMessage="" IsBaseField="" />
      <Field Name="SortOrder" active="1" AdminOnly="0" Authorable="0" Caption="Alpha Sort Order" DeveloperOnly="0" EditSortPriority="2000" FieldType="Text" HTMLContent="0" IndexColumn="99" IndexSortDirection="" IndexSortOrder="0" IndexWidth="0" LookupContent="" NotEditable="0" Password="0" ReadOnly="0" RedirectContent="" RedirectID="" RedirectPath="" Required="0" TextBuffered="0" UniqueName="0" DefaultValue="" RSSTitleField="0" RSSDescriptionField="0" MemberSelectGroupID="0" EditTab="" Scramble="0" LookupList="" ManyToManyContent="" ManyToManyRuleContent="Shared Styles Add-on Rules" ManyToManyRulePrimaryField="" ManyToManyRuleSecondaryField="" HelpMessage="" IsBaseField="" />
      <Field Name="DateAdded" active="1" AdminOnly="0" Authorable="0" Caption="Date Added" DeveloperOnly="0" EditSortPriority="9999" FieldType="Date" HTMLContent="0" IndexColumn="99" IndexSortDirection="" IndexSortOrder="0" IndexWidth="0" LookupContent="" NotEditable="0" Password="0" ReadOnly="0" RedirectContent="" RedirectID="" RedirectPath="" Required="0" TextBuffered="0" UniqueName="0" DefaultValue="" RSSTitleField="0" RSSDescriptionField="0" MemberSelectGroupID="0" EditTab="" Scramble="0" LookupList="" ManyToManyContent="" ManyToManyRuleContent="Shared Styles Add-on Rules" ManyToManyRulePrimaryField="" ManyToManyRuleSecondaryField="" HelpMessage="" IsBaseField="" />
      <Field Name="CreatedBy" active="1" AdminOnly="0" Authorable="0" Caption="Created By" DeveloperOnly="0" EditSortPriority="9999" FieldType="Lookup" HTMLContent="0" IndexColumn="99" IndexSortDirection="" IndexSortOrder="0" IndexWidth="0" LookupContent="People" NotEditable="0" Password="0" ReadOnly="0" RedirectContent="" RedirectID="" RedirectPath="" Required="0" TextBuffered="0" UniqueName="0" DefaultValue="" RSSTitleField="0" RSSDescriptionField="0" MemberSelectGroupID="0" EditTab="" Scramble="0" LookupList="" ManyToManyContent="" ManyToManyRuleContent="Shared Styles Add-on Rules" ManyToManyRulePrimaryField="" ManyToManyRuleSecondaryField="" HelpMessage="" IsBaseField="" />
      <Field Name="ModifiedDate" active="1" AdminOnly="0" Authorable="0" Caption="Date Modified" DeveloperOnly="0" EditSortPriority="9999" FieldType="Date" HTMLContent="0" IndexColumn="99" IndexSortDirection="" IndexSortOrder="0" IndexWidth="0" LookupContent="" NotEditable="0" Password="0" ReadOnly="0" RedirectContent="" RedirectID="" RedirectPath="" Required="0" TextBuffered="0" UniqueName="0" DefaultValue="" RSSTitleField="0" RSSDescriptionField="0" MemberSelectGroupID="0" EditTab="" Scramble="0" LookupList="" ManyToManyContent="" ManyToManyRuleContent="Shared Styles Add-on Rules" ManyToManyRulePrimaryField="" ManyToManyRuleSecondaryField="" HelpMessage="" IsBaseField="" />
      <Field Name="ModifiedBy" active="1" AdminOnly="0" Authorable="0" Caption="Modified By" DeveloperOnly="0" EditSortPriority="9999" FieldType="Lookup" HTMLContent="0" IndexColumn="99" IndexSortDirection="" IndexSortOrder="0" IndexWidth="0" LookupContent="People" NotEditable="0" Password="0" ReadOnly="0" RedirectContent="" RedirectID="" RedirectPath="" Required="0" TextBuffered="0" UniqueName="0" DefaultValue="" RSSTitleField="0" RSSDescriptionField="0" MemberSelectGroupID="0" EditTab="" Scramble="0" LookupList="" ManyToManyContent="" ManyToManyRuleContent="Shared Styles Add-on Rules" ManyToManyRulePrimaryField="" ManyToManyRuleSecondaryField="" HelpMessage="" IsBaseField="" />
      <Field Name="ContentControlID" active="1" AdminOnly="0" Authorable="0" Caption="Controlling Content" DeveloperOnly="0" EditSortPriority="9999" FieldType="Lookup" HTMLContent="0" IndexColumn="99" IndexSortDirection="" IndexSortOrder="0" IndexWidth="0" LookupContent="Content" NotEditable="0" Password="0" ReadOnly="0" RedirectContent="" RedirectID="" RedirectPath="" Required="0" TextBuffered="0" UniqueName="0" DefaultValue="" RSSTitleField="0" RSSDescriptionField="0" MemberSelectGroupID="0" EditTab="" Scramble="0" LookupList="" ManyToManyContent="" ManyToManyRuleContent="Shared Styles Add-on Rules" ManyToManyRulePrimaryField="" ManyToManyRuleSecondaryField="" HelpMessage="" IsBaseField="" />
      <Field Name="CreateKey" active="1" AdminOnly="0" Authorable="0" Caption="Create Key" DeveloperOnly="0" EditSortPriority="9999" FieldType="Integer" HTMLContent="0" IndexColumn="99" IndexSortDirection="" IndexSortOrder="0" IndexWidth="0" LookupContent="" NotEditable="0" Password="0" ReadOnly="0" RedirectContent="" RedirectID="" RedirectPath="" Required="0" TextBuffered="0" UniqueName="0" DefaultValue="" RSSTitleField="0" RSSDescriptionField="0" MemberSelectGroupID="0" EditTab="" Scramble="0" LookupList="" ManyToManyContent="" ManyToManyRuleContent="Shared Styles Add-on Rules" ManyToManyRulePrimaryField="" ManyToManyRuleSecondaryField="" HelpMessage="" IsBaseField="" />
      <Field Name="EditSourceID" active="1" AdminOnly="0" Authorable="0" Caption="Edit Source ID" DeveloperOnly="0" EditSortPriority="9999" FieldType="Integer" HTMLContent="0" IndexColumn="99" IndexSortDirection="" IndexSortOrder="0" IndexWidth="0" LookupContent="" NotEditable="0" Password="0" ReadOnly="0" RedirectContent="" RedirectID="" RedirectPath="" Required="0" TextBuffered="0" UniqueName="0" DefaultValue="null" RSSTitleField="0" RSSDescriptionField="0" MemberSelectGroupID="0" EditTab="" Scramble="0" LookupList="" ManyToManyContent="" ManyToManyRuleContent="Shared Styles Add-on Rules" ManyToManyRulePrimaryField="" ManyToManyRuleSecondaryField="" HelpMessage="" IsBaseField="" />
      <Field Name="EditArchive" active="1" AdminOnly="0" Authorable="0" Caption="Edit Archive" DeveloperOnly="0" EditSortPriority="9999" FieldType="Boolean" HTMLContent="0" IndexColumn="99" IndexSortDirection="" IndexSortOrder="0" IndexWidth="0" LookupContent="" NotEditable="0" Password="0" ReadOnly="0" RedirectContent="" RedirectID="" RedirectPath="" Required="0" TextBuffered="0" UniqueName="0" DefaultValue="0" RSSTitleField="0" RSSDescriptionField="0" MemberSelectGroupID="0" EditTab="" Scramble="0" LookupList="" ManyToManyContent="" ManyToManyRuleContent="Shared Styles Add-on Rules" ManyToManyRulePrimaryField="" ManyToManyRuleSecondaryField="" HelpMessage="" IsBaseField="" />
      <Field Name="EditBlank" active="1" AdminOnly="0" Authorable="0" Caption="Edit Blank" DeveloperOnly="0" EditSortPriority="9999" FieldType="Boolean" HTMLContent="0" IndexColumn="99" IndexSortDirection="" IndexSortOrder="0" IndexWidth="0" LookupContent="" NotEditable="0" Password="0" ReadOnly="0" RedirectContent="" RedirectID="" RedirectPath="" Required="0" TextBuffered="0" UniqueName="0" DefaultValue="0" RSSTitleField="0" RSSDescriptionField="0" MemberSelectGroupID="0" EditTab="" Scramble="0" LookupList="" ManyToManyContent="" ManyToManyRuleContent="Shared Styles Add-on Rules" ManyToManyRulePrimaryField="" ManyToManyRuleSecondaryField="" HelpMessage="" IsBaseField="" />
      <Field Name="AllowApplicantProcessing" active="1" AdminOnly="0" Authorable="1" Caption="AllowApplicantProcessing" DeveloperOnly="0" EditSortPriority="300" FieldType="Boolean" HTMLContent="0" IndexColumn="-1" IndexSortDirection="" IndexSortOrder="0" IndexWidth="0" LookupContent="" NotEditable="0" Password="0" ReadOnly="0" RedirectContent="" RedirectID="" RedirectPath="" Required="0" TextBuffered="0" UniqueName="0" DefaultValue="0" RSSTitleField="0" RSSDescriptionField="0" MemberSelectGroupID="0" EditTab="" Scramble="0" LookupList="" ManyToManyContent="" ManyToManyRuleContent="Shared Styles Add-on Rules" ManyToManyRulePrimaryField="" ManyToManyRuleSecondaryField="" HelpMessage="" IsBaseField="" />
      <Field Name="ExpirationDate" active="1" AdminOnly="0" Authorable="1" Caption="ExpirationDate" DeveloperOnly="0" EditSortPriority="400" FieldType="Date" HTMLContent="0" IndexColumn="-1" IndexSortDirection="" IndexSortOrder="0" IndexWidth="0" LookupContent="" NotEditable="0" Password="0" ReadOnly="0" RedirectContent="" RedirectID="" RedirectPath="" Required="0" TextBuffered="0" UniqueName="0" DefaultValue="" RSSTitleField="0" RSSDescriptionField="0" MemberSelectGroupID="0" EditTab="" Scramble="0" LookupList="" ManyToManyContent="" ManyToManyRuleContent="Shared Styles Add-on Rules" ManyToManyRulePrimaryField="" ManyToManyRuleSecondaryField="" HelpMessage="" IsBaseField="" />
      <Field Name="Title" active="1" AdminOnly="0" Authorable="1" Caption="Title" DeveloperOnly="0" EditSortPriority="1000" FieldType="Text" HTMLContent="0" IndexColumn="99" IndexSortDirection="" IndexSortOrder="0" IndexWidth="0" LookupContent="" NotEditable="0" Password="0" ReadOnly="0" RedirectContent="" RedirectID="" RedirectPath="" Required="0" TextBuffered="0" UniqueName="0" DefaultValue="" RSSTitleField="0" RSSDescriptionField="0" MemberSelectGroupID="0" EditTab="" Scramble="0" LookupList="" ManyToManyContent="" ManyToManyRuleContent="Shared Styles Add-on Rules" ManyToManyRulePrimaryField="" ManyToManyRuleSecondaryField="" HelpMessage="" IsBaseField="" />
      <Field Name="Description" active="1" AdminOnly="0" Authorable="1" Caption="Description" DeveloperOnly="0" EditSortPriority="1000" FieldType="LongText" HTMLContent="1" IndexColumn="99" IndexSortDirection="" IndexSortOrder="0" IndexWidth="0" LookupContent="" NotEditable="0" Password="0" ReadOnly="0" RedirectContent="" RedirectID="" RedirectPath="" Required="0" TextBuffered="0" UniqueName="0" DefaultValue="" RSSTitleField="0" RSSDescriptionField="0" MemberSelectGroupID="0" EditTab="" Scramble="0" LookupList="" ManyToManyContent="" ManyToManyRuleContent="Shared Styles Add-on Rules" ManyToManyRulePrimaryField="" ManyToManyRuleSecondaryField="" HelpMessage="" IsBaseField="" />
      <Field Name="Location" active="1" AdminOnly="0" Authorable="1" Caption="Location" DeveloperOnly="0" EditSortPriority="1000" FieldType="Text" HTMLContent="0" IndexColumn="99" IndexSortDirection="" IndexSortOrder="0" IndexWidth="0" LookupContent="" NotEditable="0" Password="0" ReadOnly="0" RedirectContent="" RedirectID="" RedirectPath="" Required="0" TextBuffered="0" UniqueName="0" DefaultValue="" RSSTitleField="0" RSSDescriptionField="0" MemberSelectGroupID="0" EditTab="" Scramble="0" LookupList="" ManyToManyContent="" ManyToManyRuleContent="Shared Styles Add-on Rules" ManyToManyRulePrimaryField="" ManyToManyRuleSecondaryField="" HelpMessage="" IsBaseField="" />
      <Field Name="Salary" active="1" AdminOnly="0" Authorable="1" Caption="Salary" DeveloperOnly="0" EditSortPriority="1000" FieldType="Text" HTMLContent="0" IndexColumn="99" IndexSortDirection="" IndexSortOrder="0" IndexWidth="0" LookupContent="" NotEditable="0" Password="0" ReadOnly="0" RedirectContent="" RedirectID="" RedirectPath="" Required="0" TextBuffered="0" UniqueName="0" DefaultValue="" RSSTitleField="0" RSSDescriptionField="0" MemberSelectGroupID="0" EditTab="" Scramble="0" LookupList="" ManyToManyContent="" ManyToManyRuleContent="Shared Styles Add-on Rules" ManyToManyRulePrimaryField="" ManyToManyRuleSecondaryField="" HelpMessage="" IsBaseField="" />
      <Field Name="Contact" active="1" AdminOnly="0" Authorable="1" Caption="Contact" DeveloperOnly="0" EditSortPriority="1000" FieldType="LongText" HTMLContent="0" IndexColumn="99" IndexSortDirection="" IndexSortOrder="0" IndexWidth="0" LookupContent="" NotEditable="0" Password="0" ReadOnly="0" RedirectContent="" RedirectID="" RedirectPath="" Required="0" TextBuffered="0" UniqueName="0" DefaultValue="" RSSTitleField="0" RSSDescriptionField="0" MemberSelectGroupID="0" EditTab="" Scramble="0" LookupList="" ManyToManyContent="" ManyToManyRuleContent="Shared Styles Add-on Rules" ManyToManyRulePrimaryField="" ManyToManyRuleSecondaryField="" HelpMessage="" IsBaseField="" />
      <Field Name="MemberID" active="1" AdminOnly="0" Authorable="1" Caption="Member" DeveloperOnly="0" EditSortPriority="3005" FieldType="Lookup" HTMLContent="0" IndexColumn="99" IndexSortDirection="" IndexSortOrder="0" IndexWidth="0" LookupContent="Members" NotEditable="0" Password="0" ReadOnly="0" RedirectContent="" RedirectID="" RedirectPath="" Required="0" TextBuffered="0" UniqueName="0" DefaultValue="" RSSTitleField="0" RSSDescriptionField="0" MemberSelectGroupID="0" EditTab="" Scramble="0" LookupList="" ManyToManyContent="" ManyToManyRuleContent="Shared Styles Add-on Rules" ManyToManyRulePrimaryField="" ManyToManyRuleSecondaryField="" HelpMessage="" IsBaseField="" />
      <Field Name="ContentCategoryID" active="1" AdminOnly="0" Authorable="1" Caption="Content Category" DeveloperOnly="0" EditSortPriority="9999" FieldType="Lookup" HTMLContent="0" IndexColumn="0" IndexSortDirection="" IndexSortOrder="0" IndexWidth="0" LookupContent="Content Categories" NotEditable="0" Password="0" ReadOnly="0" RedirectContent="" RedirectID="0" RedirectPath="" Required="0" TextBuffered="0" UniqueName="0" DefaultValue="" RSSTitleField="0" RSSDescriptionField="0" MemberSelectGroupID="0" EditTab="" Scramble="0" LookupList="" ManyToManyContent="" ManyToManyRuleContent="Shared Styles Add-on Rules" ManyToManyRulePrimaryField="" ManyToManyRuleSecondaryField="" HelpMessage="" IsBaseField="" />
    </CDef>
    <CDef Name="Job Applicants" Active="1" AdminOnly="0" AllowAdd="1" AllowCalendarEvents="0" AllowContentChildTool="0" AllowContentTracking="0" AllowDelete="1" AllowMetaContent="0" AllowTopicRules="0" AllowWorkflowAuthoring="0" AuthoringDataSourceName="Default" AuthoringTableName="JobApplicants" ContentDataSourceName="Default" ContentTableName="JobApplicants" DefaultSortMethod="By Name" DeveloperOnly="0" DropDownFieldList="NAME" EditorGroupName="Content Editors" Parent="" >
      <Field Name="ID" active="1" AdminOnly="0" Authorable="0" Caption="ID" DeveloperOnly="0" EditSortPriority="100" FieldType="AutoIncrement" HTMLContent="0" IndexColumn="0" IndexSortDirection="" IndexSortOrder="0" IndexWidth="0" LookupContent="" NotEditable="0" Password="0" ReadOnly="0" RedirectContent="" RedirectID="0" RedirectPath="" Required="0" TextBuffered="0" UniqueName="0" DefaultValue="" RSSTitleField="0" RSSDescriptionField="0" MemberSelectGroupID="0" EditTab="" Scramble="0" LookupList="" ManyToManyContent="" ManyToManyRuleContent="Shared Styles Add-on Rules" ManyToManyRulePrimaryField="" ManyToManyRuleSecondaryField="" HelpMessage="" IsBaseField="" />
      <Field Name="Name" active="1" AdminOnly="0" Authorable="1" Caption="Name" DeveloperOnly="0" EditSortPriority="110" FieldType="Text" HTMLContent="0" IndexColumn="99" IndexSortDirection="" IndexSortOrder="0" IndexWidth="0" LookupContent="" NotEditable="0" Password="0" ReadOnly="0" RedirectContent="" RedirectID="" RedirectPath="" Required="0" TextBuffered="0" UniqueName="0" DefaultValue="" RSSTitleField="0" RSSDescriptionField="0" MemberSelectGroupID="0" EditTab="" Scramble="0" LookupList="" ManyToManyContent="" ManyToManyRuleContent="Shared Styles Add-on Rules" ManyToManyRulePrimaryField="" ManyToManyRuleSecondaryField="" HelpMessage="" IsBaseField="" />
      <Field Name="Active" active="1" AdminOnly="0" Authorable="1" Caption="Active" DeveloperOnly="0" EditSortPriority="200" FieldType="Boolean" HTMLContent="0" IndexColumn="99" IndexSortDirection="" IndexSortOrder="0" IndexWidth="0" LookupContent="" NotEditable="0" Password="0" ReadOnly="0" RedirectContent="" RedirectID="" RedirectPath="" Required="0" TextBuffered="0" UniqueName="0" DefaultValue="1" RSSTitleField="0" RSSDescriptionField="0" MemberSelectGroupID="0" EditTab="" Scramble="0" LookupList="" ManyToManyContent="" ManyToManyRuleContent="Shared Styles Add-on Rules" ManyToManyRulePrimaryField="" ManyToManyRuleSecondaryField="" HelpMessage="" IsBaseField="" />
      <Field Name="SortOrder" active="1" AdminOnly="0" Authorable="0" Caption="Alpha Sort Order" DeveloperOnly="0" EditSortPriority="2000" FieldType="Text" HTMLContent="0" IndexColumn="99" IndexSortDirection="" IndexSortOrder="0" IndexWidth="0" LookupContent="" NotEditable="0" Password="0" ReadOnly="0" RedirectContent="" RedirectID="" RedirectPath="" Required="0" TextBuffered="0" UniqueName="0" DefaultValue="" RSSTitleField="0" RSSDescriptionField="0" MemberSelectGroupID="0" EditTab="" Scramble="0" LookupList="" ManyToManyContent="" ManyToManyRuleContent="Shared Styles Add-on Rules" ManyToManyRulePrimaryField="" ManyToManyRuleSecondaryField="" HelpMessage="" IsBaseField="" />
      <Field Name="DateAdded" active="1" AdminOnly="0" Authorable="1" Caption="Date Added" DeveloperOnly="0" EditSortPriority="9999" FieldType="Date" HTMLContent="0" IndexColumn="20" IndexSortDirection="" IndexSortOrder="99" IndexWidth="20" LookupContent="" NotEditable="0" Password="0" ReadOnly="0" RedirectContent="" RedirectID="" RedirectPath="" Required="0" TextBuffered="0" UniqueName="0" DefaultValue="" RSSTitleField="0" RSSDescriptionField="0" MemberSelectGroupID="0" EditTab="" Scramble="0" LookupList="" ManyToManyContent="" ManyToManyRuleContent="Shared Styles Add-on Rules" ManyToManyRulePrimaryField="" ManyToManyRuleSecondaryField="" HelpMessage="" IsBaseField="" />
      <Field Name="CreatedBy" active="1" AdminOnly="0" Authorable="0" Caption="Created By" DeveloperOnly="0" EditSortPriority="9999" FieldType="Lookup" HTMLContent="0" IndexColumn="99" IndexSortDirection="" IndexSortOrder="0" IndexWidth="0" LookupContent="People" NotEditable="0" Password="0" ReadOnly="0" RedirectContent="" RedirectID="" RedirectPath="" Required="0" TextBuffered="0" UniqueName="0" DefaultValue="" RSSTitleField="0" RSSDescriptionField="0" MemberSelectGroupID="0" EditTab="" Scramble="0" LookupList="" ManyToManyContent="" ManyToManyRuleContent="Shared Styles Add-on Rules" ManyToManyRulePrimaryField="" ManyToManyRuleSecondaryField="" HelpMessage="" IsBaseField="" />
      <Field Name="ModifiedDate" active="1" AdminOnly="0" Authorable="0" Caption="Date Modified" DeveloperOnly="0" EditSortPriority="9999" FieldType="Date" HTMLContent="0" IndexColumn="99" IndexSortDirection="" IndexSortOrder="0" IndexWidth="0" LookupContent="" NotEditable="0" Password="0" ReadOnly="0" RedirectContent="" RedirectID="" RedirectPath="" Required="0" TextBuffered="0" UniqueName="0" DefaultValue="" RSSTitleField="0" RSSDescriptionField="0" MemberSelectGroupID="0" EditTab="" Scramble="0" LookupList="" ManyToManyContent="" ManyToManyRuleContent="Shared Styles Add-on Rules" ManyToManyRulePrimaryField="" ManyToManyRuleSecondaryField="" HelpMessage="" IsBaseField="" />
      <Field Name="ModifiedBy" active="1" AdminOnly="0" Authorable="0" Caption="Modified By" DeveloperOnly="0" EditSortPriority="9999" FieldType="Lookup" HTMLContent="0" IndexColumn="99" IndexSortDirection="" IndexSortOrder="0" IndexWidth="0" LookupContent="People" NotEditable="0" Password="0" ReadOnly="0" RedirectContent="" RedirectID="" RedirectPath="" Required="0" TextBuffered="0" UniqueName="0" DefaultValue="" RSSTitleField="0" RSSDescriptionField="0" MemberSelectGroupID="0" EditTab="" Scramble="0" LookupList="" ManyToManyContent="" ManyToManyRuleContent="Shared Styles Add-on Rules" ManyToManyRulePrimaryField="" ManyToManyRuleSecondaryField="" HelpMessage="" IsBaseField="" />
      <Field Name="ContentControlID" active="1" AdminOnly="0" Authorable="0" Caption="Controlling Content" DeveloperOnly="0" EditSortPriority="9999" FieldType="Lookup" HTMLContent="0" IndexColumn="99" IndexSortDirection="" IndexSortOrder="0" IndexWidth="0" LookupContent="Content" NotEditable="0" Password="0" ReadOnly="0" RedirectContent="" RedirectID="" RedirectPath="" Required="0" TextBuffered="0" UniqueName="0" DefaultValue="" RSSTitleField="0" RSSDescriptionField="0" MemberSelectGroupID="0" EditTab="" Scramble="0" LookupList="" ManyToManyContent="" ManyToManyRuleContent="Shared Styles Add-on Rules" ManyToManyRulePrimaryField="" ManyToManyRuleSecondaryField="" HelpMessage="" IsBaseField="" />
      <Field Name="CreateKey" active="1" AdminOnly="0" Authorable="0" Caption="Create Key" DeveloperOnly="0" EditSortPriority="9999" FieldType="Integer" HTMLContent="0" IndexColumn="99" IndexSortDirection="" IndexSortOrder="0" IndexWidth="0" LookupContent="" NotEditable="0" Password="0" ReadOnly="0" RedirectContent="" RedirectID="" RedirectPath="" Required="0" TextBuffered="0" UniqueName="0" DefaultValue="" RSSTitleField="0" RSSDescriptionField="0" MemberSelectGroupID="0" EditTab="" Scramble="0" LookupList="" ManyToManyContent="" ManyToManyRuleContent="Shared Styles Add-on Rules" ManyToManyRulePrimaryField="" ManyToManyRuleSecondaryField="" HelpMessage="" IsBaseField="" />
      <Field Name="EditSourceID" active="1" AdminOnly="0" Authorable="0" Caption="Edit Source ID" DeveloperOnly="0" EditSortPriority="9999" FieldType="Integer" HTMLContent="0" IndexColumn="99" IndexSortDirection="" IndexSortOrder="0" IndexWidth="0" LookupContent="" NotEditable="0" Password="0" ReadOnly="0" RedirectContent="" RedirectID="" RedirectPath="" Required="0" TextBuffered="0" UniqueName="0" DefaultValue="null" RSSTitleField="0" RSSDescriptionField="0" MemberSelectGroupID="0" EditTab="" Scramble="0" LookupList="" ManyToManyContent="" ManyToManyRuleContent="Shared Styles Add-on Rules" ManyToManyRulePrimaryField="" ManyToManyRuleSecondaryField="" HelpMessage="" IsBaseField="" />
      <Field Name="EditArchive" active="1" AdminOnly="0" Authorable="0" Caption="Edit Archive" DeveloperOnly="0" EditSortPriority="9999" FieldType="Boolean" HTMLContent="0" IndexColumn="99" IndexSortDirection="" IndexSortOrder="0" IndexWidth="0" LookupContent="" NotEditable="0" Password="0" ReadOnly="0" RedirectContent="" RedirectID="" RedirectPath="" Required="0" TextBuffered="0" UniqueName="0" DefaultValue="0" RSSTitleField="0" RSSDescriptionField="0" MemberSelectGroupID="0" EditTab="" Scramble="0" LookupList="" ManyToManyContent="" ManyToManyRuleContent="Shared Styles Add-on Rules" ManyToManyRulePrimaryField="" ManyToManyRuleSecondaryField="" HelpMessage="" IsBaseField="" />
      <Field Name="EditBlank" active="1" AdminOnly="0" Authorable="0" Caption="Edit Blank" DeveloperOnly="0" EditSortPriority="9999" FieldType="Boolean" HTMLContent="0" IndexColumn="99" IndexSortDirection="" IndexSortOrder="0" IndexWidth="0" LookupContent="" NotEditable="0" Password="0" ReadOnly="0" RedirectContent="" RedirectID="" RedirectPath="" Required="0" TextBuffered="0" UniqueName="0" DefaultValue="0" RSSTitleField="0" RSSDescriptionField="0" MemberSelectGroupID="0" EditTab="" Scramble="0" LookupList="" ManyToManyContent="" ManyToManyRuleContent="Shared Styles Add-on Rules" ManyToManyRulePrimaryField="" ManyToManyRuleSecondaryField="" HelpMessage="" IsBaseField="" />
      <Field Name="MemberID" active="1" AdminOnly="0" Authorable="1" Caption="Applicant" DeveloperOnly="0" EditSortPriority="310" FieldType="Lookup" HTMLContent="0" IndexColumn="10" IndexSortDirection="" IndexSortOrder="99" IndexWidth="40" LookupContent="People" NotEditable="1" Password="0" ReadOnly="0" RedirectContent="" RedirectID="" RedirectPath="" Required="0" TextBuffered="0" UniqueName="0" DefaultValue="" RSSTitleField="0" RSSDescriptionField="0" MemberSelectGroupID="0" EditTab="" Scramble="0" LookupList="" ManyToManyContent="" ManyToManyRuleContent="Shared Styles Add-on Rules" ManyToManyRulePrimaryField="" ManyToManyRuleSecondaryField="" HelpMessage="" IsBaseField="" />
      <Field Name="ResumeFileName" active="1" AdminOnly="0" Authorable="1" Caption="Resume" DeveloperOnly="0" EditSortPriority="320" FieldType="File" HTMLContent="0" IndexColumn="-1" IndexSortDirection="" IndexSortOrder="0" IndexWidth="0" LookupContent="" NotEditable="0" Password="0" ReadOnly="0" RedirectContent="" RedirectID="" RedirectPath="" Required="0" TextBuffered="0" UniqueName="0" DefaultValue="" RSSTitleField="0" RSSDescriptionField="0" MemberSelectGroupID="0" EditTab="" Scramble="0" LookupList="" ManyToManyContent="" ManyToManyRuleContent="Shared Styles Add-on Rules" ManyToManyRulePrimaryField="" ManyToManyRuleSecondaryField="" HelpMessage="" IsBaseField="" />
      <Field Name="ContentCategoryID" active="1" AdminOnly="0" Authorable="1" Caption="Content Category" DeveloperOnly="0" EditSortPriority="9999" FieldType="Lookup" HTMLContent="0" IndexColumn="0" IndexSortDirection="" IndexSortOrder="0" IndexWidth="0" LookupContent="Content Categories" NotEditable="0" Password="0" ReadOnly="0" RedirectContent="" RedirectID="0" RedirectPath="" Required="0" TextBuffered="0" UniqueName="0" DefaultValue="" RSSTitleField="0" RSSDescriptionField="0" MemberSelectGroupID="0" EditTab="" Scramble="0" LookupList="" ManyToManyContent="" ManyToManyRuleContent="Shared Styles Add-on Rules" ManyToManyRulePrimaryField="" ManyToManyRuleSecondaryField="" HelpMessage="" IsBaseField="" />
    </CDef>
  </ContensiveCDef>
</Collection>
